{
  "train_horizontal_wells": 773,
  "train_typewells": 773,
  "test_horizontal_wells": 3,
  "test_typewells": 3,
  "train_total_horizontal_rows": 5092255,
  "train_row_count_min": 2058,
  "train_row_count_median": 6576.0,
  "train_row_count_max": 12141,
  "tvt_range_min": 158.92999999999847,
  "tvt_range_median": 758.2199999999993,
  "tvt_range_max": 1256.7000000000007,
  "known_tvt_input_pct_median": 26.00089299002828
}